Stella Constellation,$25.00
Lee Derhosen,$8.49
Stan Dupp,$15.04
Hammond Ecks,$17.14
Fanny Farmer,$15.68
Golda Fish,$10.60
Shirley U. Geste,$14.98
Lou Gubrious,$8.99
Beverly Hills,$20.74
Castor Hoyle,$25.95
Bella Katt,$17.98
Al Lergy,$4.99
Ida Lowers,$8.49
Pete Moss,$15.36
Rhoda Mule,$9.89
Missy Perriad,$15.60
Carolina Rice,$28.12
Anna Septic,$19.97
Cass Tigate,$25.70
Val Voline,$26.28
Stella Constellation,$25.00
Lee Derhosen,$8.49
Stan Dupp,$15.04
Hammond Ecks,$17.14
Fanny Farmer,$15.68
Golda Fish,$10.60
Shirley U. Geste,$14.98
Lou Gubrious,$8.99
Beverly Hills,$20.74
Castor Hoyle,$25.95
Bella Katt,$17.98
Al Lergy,$4.99
Ida Lowers,$8.49
Pete Moss,$15.36
Rhoda Mule,$9.89
Missy Perriad,$15.60
Carolina Rice,$28.12
Anna Septic,$19.97
Cass Tigate,$25.70
Val Voline,$26.28
